,changes,deg_changes,rounded,modulo
0,1.3220570780133434,75.7482908455624,75,75
1,1.234479589915837,70.73047039721808,70,70
2,0.550088136038507,31.517728555224732,30,30
3,0.45564172041081785,26.10634754961972,25,25
4,0.7965815886872876,45.64076306960766,45,45
5,2.359333222673949,135.17983612421654,135,135
6,1.0684586096036253,61.21816891470382,60,60
7,1.8865677640286367,108.09237064427349,110,110
