,changes,deg_changes,rounded,modulo
0,2.096784666100745,120.13691191532024,120,120
1,2.577502285424778,147.68000264016385,150,150
2,1.3910692230791113,79.70239549297548,80,80
3,2.1095487430229705,120.86823965234407,120,120
4,3.675461391490808,210.5884254957041,210,210
5,-3.1160036664997204,-178.53385903772408,-180,180
6,3.3644676213798426,192.76979501348399,195,195
7,1.5716748402885843,90.0503351154336,90,90
