,changes,deg_changes,rounded,modulo
0,1.0060103471999162,57.64014704104579,60,60
1,0.9100618742625239,52.14270449100802,50,50
2,1.0223753666058757,58.57779358465696,60,60
3,-0.9380596761523335,-53.74686037493751,-55,305
4,1.178551673048104,67.52603680373845,70,70
5,-0.4771890745524624,-27.34092000160969,-25,335
6,-0.8573694166034903,-49.123649054973605,-50,310
7,0.12907282209021442,7.395327955612227,5,5
